AES,ChaCha20,TLS
99.0078125,99.046875,100.32421875
100.390625,100.39453125,100.39453125
100.39453125,100.39453125,100.39453125
100.39453125,100.39453125,100.39453125
100.3984375,100.3984375,100.3984375
