AES,ChaCha20,TLS
0.1264936923980713,0.038873910903930664,0.03856968879699707
0.03146195411682129,0.03407764434814453,0.037627220153808594
0.034208059310913086,0.03426671028137207,0.037687063217163086
0.034414052963256836,0.03463435173034668,0.035979270935058594
0.03229522705078125,0.03308463096618652,0.037500619888305664
